<?xml version="1.0" encoding="utf-8" ?>
<Defs>

 <ThingDef Name="TorchTemp" ParentName="TorchLamp" Abstract="True" >
    <description>A specially-treated wooden torch that produces a red light over a large area.The sanguine glow is particularly pleasing to individuals with the bloodfeeder gene.</description>
    <graphicData>
      <texPath>Things/Buildings/BTorch</texPath>
    </graphicData>
    <uiIconPath>Things/Buildings/BTorchIcon</uiIconPath>
    <minifiedDef>MinifiedThing</minifiedDef>
	
	
	
	<uiOrder>2998</uiOrder>
    <designationCategory>Furniture</designationCategory>
	<designatorDropdown>GS_Torch</designatorDropdown>
	<costList Inherit="False">
      <HemogenPack>1</HemogenPack>
	  <WoodLog>30</WoodLog>
    </costList>
	
    <statBases>
      <Mass>1</Mass>
    </statBases>
    <thingCategories>
      <li>BuildingsMisc</li>
    </thingCategories>
	
	
	
    <comps Inherit="False">  
	  
<!--      <li Class="CompProperties_HeatPusher">
        <compClass>CompHeatPusherPowered</compClass>
        <heatPerSecond>3.5</heatPerSecond>
        <heatPushMaxTemperature>23</heatPushMaxTemperature>
      </li>-->
	  
	  
	  <li Class="CompProperties_Styleable" />
	  
      <li Class="CompProperties_MeditationFocus">
        <statDef>MeditationFocusStrength</statDef>
        <focusTypes>
          <li>Flame</li>
        </focusTypes>
        <offsets>
          <li Class="FocusStrengthOffset_Lit">
            <offset>0.1</offset>
          </li>
          <li Class="FocusStrengthOffset_BuildingDefsLit">
            <defs>
              <li>Campfire</li>
              <li>TorchLamp</li>
			  
			  
			<li MayRequire="Ludeon.RimWorld.Biotech" >GS_BloodTorch</li>
			<li MayRequire="Sov.ElseudPathf" >GS_HolyTorch</li>
			<li MayRequire="Ludeon.RimWorld.Biotech" >GS_ToxTorch</li>
			
              <li MayRequire="Ludeon.RimWorld.Royalty">Brazier</li>
              <li MayRequire="Ludeon.RimWorld.Royalty,Ludeon.RimWorld.Ideology">DarklightBrazier</li>
              <li MayRequire="Ludeon.RimWorld.Ideology">Darktorch</li>
              <li MayRequire="Ludeon.RimWorld.Ideology">DarktorchFungus</li>
            </defs>
            <offsetPerBuilding>0.01</offsetPerBuilding>
            <radius>9.9</radius>
            <maxBuildings>8</maxBuildings>
            <explanationKey>MeditationFocusPerFlame</explanationKey>
            <explanationKeyAbstract>MeditationFocusPerFlameAbstract</explanationKeyAbstract>
          </li>
        </offsets>
      </li>
    </comps>
    <drawPlaceWorkersWhileSelected>false</drawPlaceWorkersWhileSelected>
  </ThingDef>
    
	  
</Defs>